{"cameraMode":{"drawMode":0,"name":"Shaded","section":"Shading Mode"},"sceneLighting":false,"audioPlay":false,"sceneViewState":{"m_AlwaysRefresh":false,"showFog":true,"showSkybox":false,"showFlares":true,"showImageEffects":true,"showParticleSystems":true,"showVisualEffectGraphs":true,"m_FxEnabled":true},"in2DMode":false,"pivot":{"x":7.052558898925781,"y":1.1681878566741944,"z":2.415841579437256},"rotation":{"x":-0.23305173218250276,"y":0.26245489716529848,"z":-0.06547164171934128,"w":-0.9340983033180237},"size":3.4367218017578127,"orthographic":true}