{"cameraMode":{"drawMode":0,"name":"Shaded","section":"Shading Mode"},"sceneLighting":false,"audioPlay":false,"sceneViewState":{"m_AlwaysRefresh":false,"showFog":true,"showSkybox":false,"showFlares":true,"showImageEffects":true,"showParticleSystems":true,"showVisualEffectGraphs":true,"m_FxEnabled":true},"in2DMode":false,"pivot":{"x":0.04934777319431305,"y":1.0109351873397828,"z":-0.22880947589874268},"rotation":{"x":0.023924702778458597,"y":-0.9387297630310059,"z":0.33735331892967226,"w":0.06656968593597412},"size":1.5385795831680298,"orthographic":true}